{
  "raw_faithfulness": 0.819047619047619,
  "corrected_faithfulness": 0.819047619047619,
  "alpha": 1.0,
  "p": 1.0,
  "q": 0.0
}