{
  "raw_faithfulness": 0.46473029045643155,
  "corrected_faithfulness": 0.46473029045643155,
  "alpha": 1.0,
  "p": 1.0,
  "q": 0.0
}