{
  "raw_faithfulness": 0.7142857142857143,
  "corrected_faithfulness": 0.7142857142857143,
  "alpha": 1.0,
  "p": 1.0,
  "q": 0.0
}