{
  "raw_faithfulness": 0.676056338028169,
  "corrected_faithfulness": 0.676056338028169,
  "alpha": 1.0,
  "p": 1.0,
  "q": 0.0
}