{
  "raw_faithfulness": 0.7446808510638298,
  "corrected_faithfulness": 0.7446808510638298,
  "alpha": 1.0,
  "p": 1.0,
  "q": 0.0
}