{
  "raw_faithfulness": 0.47368421052631576,
  "corrected_faithfulness": 0.47368421052631576,
  "alpha": 1.0,
  "p": 1.0,
  "q": 0.0
}