{
  "raw_faithfulness": 0.4166666666666667,
  "corrected_faithfulness": 0.4166666666666667,
  "alpha": 1.0,
  "p": 1.0,
  "q": 0.0
}